{"cameraMode":{"drawMode":0,"name":"Shaded","section":"Shading Mode"},"sceneLighting":false,"audioPlay":false,"sceneViewState":{"m_AlwaysRefresh":false,"showFog":false,"showSkybox":false,"showFlares":false,"showImageEffects":false,"showParticleSystems":false,"showVisualEffectGraphs":true,"m_FxEnabled":true},"in2DMode":false,"pivot":{"x":6.820000171661377,"y":0.40000003576278689,"z":7.78000020980835},"rotation":{"x":0.023440325632691385,"y":-0.9733340740203857,"z":0.11619158834218979,"w":0.19650277495384217},"size":1.9663288593292237,"orthographic":false}