{"cameraMode":{"drawMode":0,"name":"Shaded","section":"Shading Mode"},"sceneLighting":true,"audioPlay":false,"sceneViewState":{"m_AlwaysRefresh":false,"showFog":true,"showSkybox":true,"showFlares":true,"showImageEffects":true,"showParticleSystems":true,"showVisualEffectGraphs":true,"m_FxEnabled":true},"in2DMode":false,"pivot":{"x":-72.37059020996094,"y":0.05386710166931152,"z":12.487594604492188},"rotation":{"x":0.19426141679286958,"y":-0.38398414850234988,"z":0.08281202614307404,"w":0.8992285132408142},"size":20.385942459106447,"orthographic":false}