{"cameraMode":{"drawMode":0,"name":"Shaded","section":"Shading Mode"},"sceneLighting":true,"audioPlay":false,"sceneViewState":{"m_AlwaysRefresh":false,"showFog":true,"showSkybox":true,"showFlares":true,"showImageEffects":true,"showParticleSystems":true,"showVisualEffectGraphs":true,"m_FxEnabled":true},"in2DMode":false,"pivot":{"x":25.933752059936525,"y":-16.15274429321289,"z":55.023990631103519},"rotation":{"x":0.42770856618881228,"y":0.17712680995464326,"z":-0.08556345105171204,"w":0.8825929164886475},"size":29.60291290283203,"orthographic":false}