{"cameraMode":{"drawMode":0,"name":"Shaded","section":"Shading Mode"},"sceneLighting":false,"audioPlay":false,"sceneViewState":{"m_AlwaysRefresh":false,"showFog":false,"showSkybox":true,"showFlares":false,"showImageEffects":false,"showParticleSystems":false,"showVisualEffectGraphs":true,"m_FxEnabled":true},"in2DMode":false,"pivot":{"x":7.495202541351318,"y":2.714181423187256,"z":-0.3271474838256836},"rotation":{"x":0.009935284033417702,"y":-0.9898653030395508,"z":0.10972515493631363,"w":0.08962500840425492},"size":2.5325708389282228,"orthographic":false}