{"cameraMode":{"drawMode":0,"name":"Shaded","section":"Shading Mode"},"sceneLighting":false,"audioPlay":false,"sceneViewState":{"m_AlwaysRefresh":false,"showFog":false,"showSkybox":true,"showFlares":false,"showImageEffects":false,"showParticleSystems":false,"showVisualEffectGraphs":true,"m_FxEnabled":true},"in2DMode":false,"pivot":{"x":8.968551635742188,"y":2.1088342666625978,"z":13.186483383178711},"rotation":{"x":0.15529726445674897,"y":-0.03436487168073654,"z":0.005413854029029608,"w":0.9873415231704712},"size":7.098320484161377,"orthographic":false}