{"cameraMode":{"drawMode":0,"name":"Shaded","section":"Shading Mode"},"sceneLighting":false,"audioPlay":false,"sceneViewState":{"m_AlwaysRefresh":false,"showFog":true,"showSkybox":false,"showFlares":true,"showImageEffects":true,"showParticleSystems":true,"showVisualEffectGraphs":true,"m_FxEnabled":true},"in2DMode":false,"pivot":{"x":-1.773068904876709,"y":1.1948163509368897,"z":-4.380616188049316},"rotation":{"x":0.1635056585073471,"y":0.04437437281012535,"z":-0.0073589785024523739,"w":0.9855261445045471},"size":1.370942234992981,"orthographic":false}